method,n_features,train_accuracy,test_accuracy,cv_mean,cv_std,train_time
RFE,7,1.0,1.0,0.9829268292682928,0.019814727816185287,0.20264983177185059
LASSO,12,1.0,1.0,0.9853658536585366,0.012555646513398792,0.3110778331756592
LDA,1,1.0,1.0,0.9865853658536586,0.010490640569564188,0.29374098777770996
PCA,12,1.0,1.0,0.9792682926829268,0.020623822591814365,0.24364590644836426
t-SNE,2,1.0,0.9804878048780488,0.9573170731707317,0.01724650685820845,0.7909190654754639
SBS,7,0.975609756097561,0.975609756097561,0.9573170731707318,0.01279035180695308,0.27323341369628906
